timestamp,x,y,yaw
1668994584335282087,0.0,0.0,0
1668994584534583091,0.0,0.0,0
1668994584749126911,-0.06900123588275164,-0.0016477592289447784,0
1668994584935420036,-0.06900123588275164,-0.0016477592289447784,0
1668994585133668899,-0.06900123588275164,-0.0016477592289447784,0
1668994585334392070,-0.06900123588275164,-0.0016477592289447784,0
1668994585534717082,-0.06900123588275164,-0.0016477592289447784,0
1668994585750596046,-0.06900123588275164,-0.0016477592289447784,0
1668994585935559988,-0.06900123588275164,-0.0016477592289447784,0
1668994586134505033,-0.06900123588275164,-0.0016477592289447784,0
1668994586335263967,-0.06900123588275164,-0.0016477592289447784,0
1668994586539376974,-0.07165686076041311,0.109558648429811,0
1668994586750415086,-0.07165686076041311,0.109558648429811,0
1668994586934741020,-0.07165686076041311,0.109558648429811,0
1668994587133322000,-0.1406580952461809,0.1079108901321888,0
1668994587334755897,-0.1406580952461809,0.1079108901321888,0
1668994587535200119,-0.1406580952461809,0.1079108901321888,0
1668994587750509023,-0.1406580952461809,0.1079108901321888,0
1668994587933500051,-0.1406580952461809,0.1079108901321888,0
1668994588133757114,-0.1406580952461809,0.1079108901321888,0
1668994588334163904,-0.1406580952461809,0.1079108901321888,0
1668994588535187959,-0.1406580952461809,0.1079108901321888,0
1668994588748575925,-0.1406580952461809,0.1079108901321888,0
1668994588934070110,-0.1406580952461809,0.1079108901321888,0
1668994589132627964,-0.1406580952461809,0.1079108901321888,0
1668994589334091901,-0.20965932973194867,0.1062631318345666,0
1668994589534707069,-0.20965932973194867,0.1062631318345666,0
1668994589750036954,-0.20965932973194867,0.1062631318345666,0
1668994589934411048,-0.20965932973194867,0.1062631318345666,0
1668994590133146047,-0.21231495158281177,0.21746953949332237,0
1668994590333786964,-0.21231495158281177,0.21746953949332237,0
1668994590534231901,-0.21231495158281177,0.21746953949332237,0
1668994590748994112,-0.21231495158281177,0.21746953949332237,0
1668994590934436082,-0.21231495158281177,0.21746953949332237,0
1668994591133223056,-0.21231495158281177,0.21746953949332237,0
1668994591333579063,-0.21231495158281177,0.21746953949332237,0
1668994591534219980,-0.21231495158281177,0.21746953949332237,0
1668994591749258995,-0.21231495158281177,0.21746953949332237,0
1668994591934210062,-0.21231495158281177,0.21746953949332237,0
1668994592133039951,-0.28131618455518037,0.21582178305834532,0
1668994592333689928,-0.28131618455518037,0.21582178305834532,0
1668994592534095048,-0.2839718048926443,0.32702819164842367,0
1668994592748518943,-0.2839718048926443,0.32702819164842367,0
1668994592934102058,-0.2839718048926443,0.32702819164842367,0
1668994593133487939,-0.2839718048926443,0.32702819164842367,0
1668994593333965063,-0.21497057343367487,0.3286759490147233,0
1668994593534929990,-0.21497057343367487,0.3286759490147233,0
1668994593750701904,-0.14862496545538306,0.4415301140397787,0
1668994593933940887,-0.07962373550981283,0.4431778723374009,0
1668994594139462947,0.05572309601120651,0.5576798031106591,0
1668994594339628934,0.19372555462177843,0.5609753271564841,0
1668994594534792900,0.3980736038647592,0.677125028334558,0
1668994594750977039,0.6024216437945142,0.7932747388258576,0
1668994594934773921,0.8067696744110435,0.9094244567677379,0
1668994595133418083,1.077463268651627,1.1384283686056733,0
1668994595334522008,1.350812493590638,1.2562258839607239,0
1668994595534167051,1.6931629256578162,1.375671200454235,0
1668994595749214887,2.035513340146281,1.4951165383681655,0
1668994595934616088,2.4442092736717314,1.7274161027744412,0
1668994596134984016,2.8529051679652184,1.9597157016396523,0
1668994596339026927,3.2642567275324836,2.080808924511075,0
1668994596539400100,3.741953762131743,2.3147564018145204,0
1668994596748619079,4.291307680308819,2.439145336858928,0
1668994596941020965,4.835350102628581,2.7859471468254924,0
1668994597139319896,5.384703944437206,2.9103362038731575,0
1668994597339299917,5.9314020031597465,3.1459317253902555,0
1668994597539268016,6.5444454294629395,3.4943815683946013,0
1668994597747625112,7.229145746328868,3.7332729371264577,0
1668994597940848112,7.844844817998819,3.9705165307968855,0
1668994598140607118,8.529545011930168,4.209408080205321,0
1668994598339415073,9.280590487411246,4.5611540181562304,0
1668994598535455942,10.034291712916456,4.801693662069738,0
1668994598750842094,10.854338168632239,5.155087737366557,0
1668994598939136028,11.605383350048214,5.506834028288722,0
1668994599135374069,12.428085493505932,5.749021954834461,0
1668994599340225934,13.317132794996724,6.104064369574189,0
1668994599539701938,14.137178823468275,6.457458986900747,0
1668994599751389980,15.026225886074826,6.812501706182957,0
1668994599940534114,15.915272827958688,7.167544585652649,0
1668994600139185905,16.804319649003446,7.522587624378502,0
1668994600339768886,17.759711455437355,7.9904852313920856,0
1668994600535307884,18.648758012335747,8.345528601668775,0
1668994600747558116,19.537804446415976,8.700572128407657,0
1668994600940679073,20.495851875748485,9.057263856753707,0
1668994601135397911,21.384898063610308,9.412307715043426,0
1668994601335917949,21.48305863351561,11.083699909038842,0
1668994601534945011,25.108242014655843,12.505525128915906,0
1668994601755505084,26.13263320038095,12.975072462111712,0
1668994601940131902,26.546639582375064,12.984961207024753,0
1668994602134919881,27.50468573346734,13.341654293239117,0
1668994602334925889,29.26152526331134,14.941395921632648,0
1668994602534884929,29.86925310094375,15.512261464260519,0
1668994602759440898,30.4929186796071,15.41588865686208,0
1668994602935632944,30.546044936287217,13.19176057074219,0
1668994603133548974,32.50982241751626,17.689462614245713,0
1668994603339209079,33.730654353741556,15.715767045505345,0
1668994603540147066,34.40738262666855,16.288281369954348,0
1668994603759392976,35.41317726287525,17.536275449208915,0
1668994603941170930,36.039499163394794,17.328696927055717,0
1668994604141634941,36.63925660599489,18.23318251501769,0
1668994604339497089,37.60261404153425,18.367464743554592,0
1668994604540352106,38.11749878444243,17.0445258859545,0
1668994604754136085,39.34623441158328,17.630227209068835,0
1668994604938955068,40.72625445772428,17.663193468004465,0
1668994605140523910,43.3111001442885,19.282720036804676,0
1668994605340049028,42.71400059107691,18.267027229070663,0
1668994605540543079,43.547325729974546,18.064394689165056,0
1668994605753608942,44.31430656113662,17.74890751298517,0
1668994605939815998,45.72082115057856,19.562825955450535,0
1668994606140460014,46.87524100556038,20.369293556548655,0
1668994606340461015,47.83062772988342,20.837196958251297,0
1668994606539355039,48.98504696309101,21.64366505574435,0
1668994606753122091,50.012090950855054,22.002010912634432,0
1668994606940140962,50.710070692235604,21.684876263141632,0
1668994607135200023,51.7291441996349,22.37684167828411,0
1668994607335228919,53.06931070587598,24.077907369472086,0
1668994607539199113,53.73540836002212,25.095249955542386,0
1668994607753904104,54.093697088072076,24.547460474073887,0
1668994607941215991,54.22372837224975,24.884376692585647,0
1668994608140165090,55.26139882777352,24.797898033633828,0
1668994608340914011,57.19076731894165,24.955263453535736,0
1668994608541014909,58.48849982023239,25.542618069797754,0
1668994608754173994,59.50225758005399,26.456997891888022,0
1668994608939832925,60.45764203486033,26.924903728999197,0
1668994609139772891,60.94330518541392,26.82523751631379,0
1668994609339131116,61.835002601961605,27.069082216359675,0
1668994609539155960,63.28136398026254,27.214909714646637,0
1668994609753746986,64.4278081288794,28.355000618845224,0
1668994609939749956,65.3911630777875,28.4892882052809,0
1668994610139353990,65.86885487742256,28.72324166726321,0
1668994610339055061,66.89855345245451,28.970384613610804,0
1668994610540024995,67.8539367854828,29.438291873782873,0
1668994610755008935,68.9526359733427,29.68708394188434,0
1668994610940851926,70.04336346243508,30.26949544623494,0
1668994611135174989,71.00406071497127,30.5149905141443,0
1668994611338936090,72.16644587030169,30.987844828516245,0
1668994611539925098,73.32617354381364,31.571905812248588,0
1668994611753463029,74.27358393231407,32.37343350611627,0
1668994611940291881,75.1705944261048,32.39486779645085,0
1668994612139122962,76.47098038636614,32.871020714752376,0
1668994612340117931,77.42370477132499,33.45013621635735,0
1668994612539998054,78.92577782447916,34.15364906564355,0
1668994612753456115,80.08550402102992,34.737711631692946,0
1668994612939841032,81.04354254622012,35.094415036030114,0
1668994613139391899,82.12895258667413,35.89924199692905,0
1668994613334902048,84.3183742769761,36.73045186512172,0
1668994613539001941,85.41175608837511,37.201660357415676,0
1668994613751004934,86.44145210285205,37.448807345703244,0
1668994613940865039,87.53483357350342,37.92001630458981,0
1668994614140491008,88.69190033792984,38.61528728436679,0
1668994614340790987,89.71893828059547,38.973641344346106,0
1668994614539918899,90.81497679871973,39.33364463225007,0
1668994614754528999,91.90835747902747,39.80485455598682,0
1668994614940284967,92.52670615515672,39.93090224824846,0
1668994615139219045,93.62274428387173,40.29090615361929,0
1668994615339225053,94.6497815658804,40.64926123153418,0
1668994615540494918,95.8121623180341,41.12212108075619,0
1668994615754479885,95.94750591984484,41.23662564251572,0
1668994615939620971,97.44425858114846,42.162556890398264,0
1668994616140445947,98.81629859795794,42.52915836777538,0
1668994616338864088,100.45370956987608,43.34718238096684,0
1668994616540600061,101.21005895338021,43.476529446430504,0
1668994616753552913,101.68774775508791,43.71048635803163,0
1668994616939409971,102.84746924927458,44.29455424938351,0
1668994617139254093,103.67016113456339,44.536757262423635,0
1668994617339555025,104.35750962910242,44.664455614984035,0
1668994617540267944,105.38188732846174,45.13401930499822,0
1668994617754287004,106.95561187330168,45.727983459830284,0
1668994617941487073,108.04367364908103,46.42160972300917,0
1668994618140425920,109.13439320400357,47.004029834643006,0
1668994618343828916,110.4294562243158,47.70260442700237,0
1668994618540503025,111.32114782766439,47.94645799137652,0
1668994618752351045,112.2075230567716,48.41272450052202,0
1668994618941118001,113.77858764945995,49.11789721157402,0
1668994619139380931,114.8056218206184,49.47625645622611,0
1668994619339099884,115.89899819681887,49.947471662424505,0
1668994619540061950,116.92603205924388,50.30583134479821,0
1668994619753911018,98.41671116754878,10.14006321132183,0
1668994619939887046,99.24472457228694,10.159852623939514,0
1668994620139971971,102.71583471423946,15.138689453713596,0
1668994620340749025,103.281132712611,14.595850911922753,0
1668994620540611028,109.19097572600003,24.417587500996888,0
1668994620751782894,109.95530203648377,24.213316668756306,0
1668994620940439939,125.3547352970345,50.062236464582384,0
1668994621139204978,125.3547352970345,50.062236464582384,0
1668994621339303970,127.81217105896212,51.23368260450661,0
1668994621540343046,128.23946693132166,50.68754781316966,0
1668994621753042936,128.23946693132166,50.68754781316966,0
1668994621934782981,128.23946693132166,50.68754781316966,0
1668994622134722948,128.23946693132166,50.68754781316966,0
1668994622334511041,128.23946693132166,50.68754781316966,0
1668994622539201974,128.23946693132166,50.68754781316966,0
1668994622747311115,128.23946693132166,50.68754781316966,0
1668994622934933900,128.23946693132166,50.68754781316966,0
1668994623134179115,128.23946693132166,50.68754781316966,0
1668994623339950084,139.1863744057482,57.73672397993505,0
1668994623535372018,139.9453796048183,57.75487052742392,0
1668994623751338958,141.4659203971969,60.57297339010984,0
1668994623939579010,142.63095129083376,60.93463780917227,0
1668994624140465021,143.7083696203772,62.07309747301042,0
1668994624342309951,144.74071695352904,62.20905012451112,0
1668994624540225982,145.7730642410461,62.345002989284694,0
1668994624753683090,146.7470467556268,62.034480727277696,0
1668994624940129995,147.69178102526348,62.94722891878337,0
1668994625135040044,148.3260794352973,62.40604520589113,0
1668994625340769052,149.2310616999166,62.093873617239296,0
1668994625540916919,150.1784545237897,62.89541589282453,0
1668994625751297950,150.51016151742078,63.45969700533897,0
1668994625935458898,151.1975064612925,63.58740181475878,0
1668994626139030933,152.27758136729244,64.61465696617961,0
1668994626339886903,152.96492611628491,64.74236201960593,0
1668994626539133071,154.11400078155566,65.77126744855195,0
1668994626751116991,154.6633446046617,65.89567296393216,0
1668994626939034938,155.21800662833266,65.79766576644033,0
1668994627139028072,155.69835006422363,65.92042149230838,0
1668994627339653015,157.20572144188918,66.40154526382685,0
1668994627539457082,158.62813706230372,67.54825786035508,0
1668994627752887010,159.03682072018273,67.78057034499943,0
1668994627938849925,159.45880037546158,67.456850935705,0
1668994628139113903,160.20982648269273,67.80861971993,0
1668994628339639902,160.48582783725578,67.81521961186081,0
1668994628541779041,160.90514834679198,67.60270670894533,0
1668994628753379106,161.93749421241228,67.73866291251034,0
1668994628940206050,162.34883698122576,67.85976928286254,0
1668994629139219999,163.2564785447903,67.4363938299939,0
1668994629334805011,163.89077816775534,66.89521205890924,0
1668994629540929079,164.95769537310116,65.58548587188125,0
1668994629752912998,165.78304047090933,65.71649275440723,0
1668994629933895111,166.28465853934176,64.9495984185487,0
1668994630134238958,166.79957358620595,63.626672209240496,0
1668994630335325002,166.9216181676602,64.29721063934267,0
1668994630535290002,168.42395827162545,59.21471844147891,0
1668994630747577905,168.67616948124487,57.32916018459946,0
1668994630940450906,169.29185500880703,57.566423756070435,0
1668994631135175943,169.91285933926702,57.58127463795245,0
1668994631334865093,170.2897749840049,56.2550485720858,0
1668994631540240049,170.73303188034333,55.041679030284286,0
1668994631754673004,171.01967174897436,54.60345396120101,0
1668994631939462900,171.01967174897436,54.60345396120101,0
1668994632139817953,171.01967174897436,54.60345396120101,0
1668994632340840101,172.6307651771931,50.74753342103213,0
1668994632535203933,173.12706667534076,50.20305250585079,0
1668994632749730110,173.7533909350168,49.99549108650535,0
1668994632933605909,172.5512725863373,48.29769277013838,0
1668994633134941101,173.0636772963917,44.1929575400427,0
1668994633339818000,174.1570498944493,44.664185461588204,0
1668994633542391061,174.5205229407875,46.787007642909884,0
1668994633758662939,173.84115466533694,46.32568053808063,0
1668994633937130928,176.60369151027407,49.173497130163014,0
1668994634136295080,176.88782094570342,45.953462704084814,0
1668994634335355997,176.52700837131124,43.7194339632988,0
1668994634534535884,177.6522958317073,42.85618609748781,0
1668994634754196882,178.16721580084413,41.53326101694256,0
1668994634933439970,178.32649401179515,40.64691041596234,0
1668994635136203050,179.47822915401775,41.56461521796882,0
1668994635337663888,177.1378206772497,35.50006312690675,0
1668994635537544965,180.0729388127802,36.90549899172038,0
1668994635757369041,179.09909840184264,34.32299886085093,0
1668994635933432102,180.94882178260013,34.92358712293208,0
1668994636133670091,182.06613287713844,34.3939593443647,0
1668994636333595037,182.61547959782183,34.51836786419153,0
1668994636537142992,183.19408301846124,33.41950630676001,0
1668994636752271890,183.76470753748436,32.654263940639794,0
1668994636940303087,184.27697028359398,31.44254584144801,0
1668994637140611886,185.38896300864872,31.13533153757453,0
1668994637339379072,185.17147394095082,28.682190055027604,0
1668994637540384054,183.99329121678602,25.983531707897782,0
1668994637759872913,185.0973058915697,26.00993645004928,0
1668994637935314893,185.9492546976544,25.028882796876132,0
1668994638132392883,186.0608117360389,23.251231125555933,0
1668994638340235948,187.02416533150245,23.38554202672094,0
1668994638540942907,187.07470110361464,21.27262092847377,0
1668994638752794027,187.44896364538,20.05760248284787,0
1668994638938916921,187.55254185781814,18.613569968380034,0
1668994639133795022,188.07012633793056,17.179439499042928,0
1668994639339459896,188.52402963698842,15.52124598622322,0
1668994639540191888,188.76029071770608,14.302926942706108,0
1668994639760118007,189.8006265554577,14.105269582942128,0
1668994639934555053,190.30225301766768,13.338377567008138,0
1668994640135144948,190.95518110506237,12.018754504621029,0
1668994640333745002,191.7248328034766,11.592083272524178,0
1668994640533957958,191.64002793328837,9.364655071869493,0
1668994640752741098,192.14963474334218,8.264144121669233,0
1668994640935216903,192.72558305005077,7.276489996351302,0
1668994641139142990,193.43953394913115,6.29213676135987,0
1668994641340538978,194.02080254873727,5.08207003865391,0
1668994641540082931,194.469388817437,3.6462897872552276,0
1668994641755045890,194.23594261554535,1.8603861751034856,0
1668994641939951896,194.74023080070037,0.9822882171720266,0
1668994642139740943,195.9132522585569,1.0103456834331155,0
1668994642339781045,196.35917939885985,-0.3142280373722315,0
1668994642539400100,197.00147074088454,-1.1890248665586114,0
1668994642749327898,197.58008097100537,-2.287884820252657,0
1668994642939950942,198.27807406091597,-2.6049991818144917,0
1668994643141242980,198.85668472014368,-3.7038589948788285,0
1668994643340442895,199.29197288490832,-4.583606995642185,0
1668994643539933919,199.7405613589799,-6.019386793486774,0
1668994643754367113,200.24219118314795,-6.786277847364545,0
1668994643940696954,200.68812003533822,-8.11085119843483,0
1668994644134145021,201.4684158593882,-8.98234644997865,0
1668994644340171098,201.91434519807808,-10.306919693946838,0
1668994644534466981,203.2253721493762,-10.275559504516423,0
1668994644750149011,203.7376433685422,-11.487275684252381,0
1668994644934366941,205.52104005322326,-10.999535552226007,0
1668994645132913112,204.8152271285653,-13.241819134913385,0
1668994645339724063,204.33237874577753,-16.146389114670455,0
1668994645539808988,205.4257621288998,-15.675154590047896,0
1668994645751789093,205.86653527035378,-19.670330805703998,0
1668994645939493894,206.13206345879007,-22.111919053830206,0
1668994646139260053,207.14298225590028,-18.193286899477243,0
1668994646340075016,208.1836532028392,-24.1769726453349,0
1668994646541340112,206.85666155756917,-23.54109589662403,0
1668994646750101089,209.12855816376396,-26.157229146920145,0
1668994646940893888,209.36748580948915,-27.486753615550697,0
1668994647140095949,209.81341858115047,-28.811326179653406,0
1668994647339721918,210.73172239237465,-29.679518775083125,0
1668994647541153907,210.69464375358075,-31.01564574893564,0
1668994647748913049,211.87033300846815,-31.0987910348922,0
1668994647932940006,211.87033300846815,-31.0987910348922,0
1668994648135487079,211.87033300846815,-31.0987910348922,0
1668994648341049909,212.45975653803907,-35.53549079969525,0
1668994648539103984,212.96671159937978,-36.5247933473438,0
1668994648749063014,213.335663263686,-37.517397202551365,0
1668994648941561937,213.9116204829188,-38.50504897721112,0
1668994649141320943,214.4132554413518,-39.27193866390735,0
1668994649340631961,214.79018856817856,-40.598161491565406,0
1668994649540425062,215.49084833986126,-41.02647989988327,0
1668994649751967906,215.93412335845642,-42.23984558135271,0
1668994649932822942,215.70317458093632,-41.24394049309194,0
1668994650139132022,215.43780859478284,-41.695368758402765,0
1668994650339149951,216.56844196130987,-42.78102091420442,0
1668994650541421890,217.15770229161717,-44.32470411807299,0
1668994650752549886,217.52665526769124,-45.31730767618865,0
1668994650934779882,216.4784925552085,-47.67905280739069,0
1668994651134043931,215.63733469927683,-50.03584557864815,0
1668994651335042953,216.64576049649622,-48.899021294899285,0
1668994651535216093,219.36859248788096,-47.27610268909484,0
1668994651754079103,220.5230020812014,-46.4695951519534,0
1668994651934643983,220.64255271747243,-48.58086514752358,0
1668994652134552001,220.62409944587853,-50.69543668720871,0
1668994652334619998,221.33540298009757,-51.5685797277838,0
1668994652533782005,222.51375777611975,-51.76292895525694,0
1668994652749305963,223.76111466938164,-51.95562708750367,0
1668994652939409971,224.31579115847126,-52.053626865148544,0
1668994653134502887,225.0881158777047,-52.59149949532002,0
1668994653334738969,225.0510404924862,-53.92762658558786,0
1668994653534650087,225.43595898058265,-55.587467710487545,0
1668994653753736972,226.21626606862992,-56.45895923860371,0
1668994653932949066,227.32295957044698,-56.543751852586865,0
1668994654134285926,225.95905448205303,-60.13702315185219,0
1668994654339716911,227.81679015269037,-59.87003723718226,0
1668994654534588098,227.84073561639525,-60.8708944125101,0
1668994654749208927,227.84073561639525,-60.8708944125101,0
1668994654934217929,225.8955460159341,-63.254102730192244,0
1668994655131876945,225.8955460159341,-63.254102730192244,0
1668994655333709001,225.8955460159341,-63.254102730192244,0
1668994655533801078,225.8955460159341,-63.254102730192244,0
1668994655746511936,225.8955460159341,-63.254102730192244,0
1668994655934075117,225.8955460159341,-63.254102730192244,0
1668994656134793996,225.8955460159341,-63.254102730192244,0
1668994656340069055,225.8955460159341,-63.254102730192244,0
1668994656535321950,225.8955460159341,-63.254102730192244,0
1668994656744985103,225.8955460159341,-63.254102730192244,0
1668994656934740066,233.03274053242058,-75.87939471472055,0
1668994657134390115,233.03274053242058,-75.87939471472055,0
1668994657334677934,233.03274053242058,-75.87939471472055,0
1668994657534359931,233.03274053242058,-75.87939471472055,0
1668994657749032974,233.03274053242058,-75.87939471472055,0
1668994657939503908,239.5377646990819,-79.39566262438893,0
1668994658140342950,239.99435267376248,-81.16505799163133,0
1668994658340790033,240.09244455129374,-79.49366070702672,0
1668994658535342931,234.92400088126305,-102.98402634169906,0
1668994658749165058,239.47692447842564,-82.62394875660539,0
1668994658940015077,237.29066779999994,-92.24547998141497,0
1668994659140909910,239.70291678921785,-89.18347218167037,0
1668994659340497016,239.67878966173157,-85.28959902562201,0
1668994659539038896,241.75950687087607,-85.68489308841527,0
1668994659749775886,241.54983859939966,-85.57863991428167,0
1668994659934494018,240.32926107849926,-89.39102557022125,0
1668994660140310049,240.1435403736541,-90.28562944941223,0
1668994660341011047,241.7996009296039,-90.24600433185697,0
1668994660541124105,242.32785389502533,-92.12495477311313,0
1668994660753278970,242.45273536769673,-94.45863695349544,0
1668994660934417963,242.47136167204008,-95.23708136752248,0
1668994661134768962,243.91243329737335,-94.8687897361815,0
1668994661339530944,245.76485924620647,-94.37938469275832,0
1668994661533999919,245.92681319871917,-95.37693956401199,0
1668994661750087022,245.97204979718663,-97.26744740922004,0
1668994661933190107,246.0172863850603,-99.15795524790883,0
1668994662138897895,246.77897648443468,-99.25099928118289,0
1668994662339054107,247.69996000872925,-100.23039167188108,0
1668994662539500951,247.68151653395034,-102.34496331773698,0
1668994662749631881,248.53349806391634,-103.32600669842213,0
1668994662940385103,248.82281404570676,-103.8754338119179,0
1668994663140868902,249.65882973675616,-104.1892389524728,0
1668994663340133905,250.01714861264918,-104.73701483476907,0
1668994663540694952,250.4418092245469,-105.17193317785859,0
1668994663754288911,250.81077255227137,-106.16453437134624,0
1668994663939657926,251.2460776846856,-107.04427801445127,0
1668994664135394096,251.6070580126252,-107.70326012838632,0
1668994664338989973,251.9600551314652,-108.02862319443375,0
1668994664538925886,252.26001615368295,-109.02287547942251,0
1668994664753014087,252.61301340349019,-109.34823850076646,0
1668994664940466880,253.31368578586262,-109.7765517923981,0
1668994665138748884,253.47031928470824,-110.55169374682009,0
1668994665339034080,253.2155970617896,-111.4479493163526,0
1668994665539261102,253.239547175006,-112.44880637526512,0
1668994665750392913,253.87387832789682,-112.98997714463621,0
1668994665939483880,253.74917832296342,-113.54931127745658,0
1668994666140237092,255.20356040005572,-113.73704819008708,0
1668994666334923028,254.13144852628466,-115.09794393461198,0
1668994666535480976,254.1500765120145,-115.87638830859214,0
1668994666749996900,255.39745063323062,-116.06907883379608,0
1668994666934971094,255.34441475197673,-116.73796810675412,0
1668994667134355068,258.1098527665017,-116.89433049503714,0
1668994667339421987,254.5536361504346,-118.31467164400965,0
1668994667540450096,254.09190487046726,-119.21588091924787,0
1668994667748473882,253.90086289145984,-119.88807261176407,0
1668994667935005903,253.22680026839953,-120.57182277459651,0
1668994668139197111,252.07237789744977,-121.3783375537023,0
1668994668339251041,251.7486517939251,-122.27624421566725,0
1668994668539642095,250.52256476238836,-122.97320347651839,0
1668994668749960899,249.5724893284496,-123.66355780977756,0
1668994668939733982,247.93504470644984,-124.48162969667464,0
1668994669139585018,247.7466626643436,-125.26502747274935,0
1668994669339788913,247.210604502121,-125.94547453522682,0
1668994669535331964,246.12252200511284,-126.63913044799119,0
1668994669749102115,245.65280555945355,-127.20671989023685,0
1668994669939615964,245.66611027508043,-127.76275158673525,0
1668994670139575958,245.12739062297624,-128.33199207950383,0
1668994670339301109,244.45598656858783,-129.12694736383855,0
1668994670539671897,243.50324824103154,-129.70609417837113,0
1668994670748647928,242.28514087025542,-130.73667039815336,0
1668994670934669017,241.40140507929027,-131.3141657486558,0
1668994671139059066,240.65567527501844,-131.88835887610912,0
1668994671340764045,239.98427002923563,-132.6833135439083,0
1668994671539386034,239.02354814705905,-132.9288404714316,0
1668994671752432107,238.2911217090441,-134.0590649349615,0
1668994671939872026,237.82140366535168,-134.62665361631662,0
1668994672139478921,237.01465205731802,-135.5361161986366,0
1668994672339082002,236.5795232701348,-137.5493871718645,0
1668994672539163112,234.75883388484363,-136.480248847045,0
1668994672752337932,234.6687200157903,-138.48526486661285,0
1668994672941209077,233.64431493962184,-138.95485437568277,0
1668994673138629913,233.75854950305074,-140.84371121507138,0
1668994673335061073,233.45344333793037,-142.52006098255515,0
1668994673534569025,230.19947664090432,-139.2598126810044,0
1668994673748523950,229.25205593032297,-140.06136941816658,0
1668994673934468030,228.43732024310157,-140.63721156027168,0
1668994674134968042,227.55624168296345,-141.32591076381505,0
1668994674339916944,226.61148067191243,-142.23867333028466,0
1668994674540016889,226.21076377492864,-142.80461005028337,0
1668994674748389959,226.21076377492864,-142.80461005028337,0
1668994674942840099,231.38085826975293,-145.35139793530107,0
1668994675140881061,224.48851193976589,-145.8501026071608,0
1668994675341209888,225.0591614971636,-146.61534048616886,0
1668994675540369987,223.28103847568855,-147.32549944985658,0
1668994675752039909,229.042899773689,-148.6341628395021,0
1668994675939877986,221.93555764469784,-148.8041975395754,0
1668994676139139890,220.8501271244604,-149.6090541826561,0
1668994676339890956,219.93446130177472,-148.85206957533956,0
1668994676538830041,221.69928331882693,-147.5858801053837,0
1668994676749157905,219.93978201469872,-149.07448225747794,0
1668994676940119981,219.50198460835963,-150.97654525656253,0
1668994677139928102,214.52592530217953,-153.6547925984487,0
1668994677340207099,214.8312014765106,-154.8714596638456,0
1668994677540163040,215.11253558052704,-155.08726963959634,0
1668994677750780105,213.7510889408877,-155.89872741419822,0
1668994677939883947,211.33080969995353,-158.6271027578041,0
1668994678140018939,210.92210927070118,-158.85941918101162,0
1668994678343916893,209.69334763556253,-159.44516190513968,0
1668994678539247989,207.86217502132058,-160.82420395873487,0
1668994678747931003,208.14350912801456,-161.04001432284713,0
1668994678939603090,206.91740670835134,-161.73696269653738,0
1668994679139024019,205.96997801144607,-162.53851490747184,0
1668994679339967012,204.8048984198831,-162.90019317809492,0
1668994679540971994,204.53952438710257,-163.35162068344653,0
1668994679753844022,203.58943502919283,-164.04196609277278,0
1668994679939855098,202.98702306230552,-164.83526512049139,0
1668994680139343976,202.24926375458017,-165.74307141732424,0
1668994680340766906,201.63887155253906,-166.2027512481436,0
1668994680539726972,201.09216294973157,-166.43836783804,0
1668994680750021934,200.15005224675406,-167.46233160607517,0
1668994680939527988,199.531679974054,-167.58839214779437,0
1668994681139970064,198.85760346823372,-168.27213478367776,0
1668994681339484930,198.1171830408275,-169.06873410847038,0
1668994681535276889,198.2317093978636,-176.74362215213478,0
1668994681752518892,197.1170108759543,-176.32520374841988,0
1668994681939991950,196.48533836449496,-175.89523219130933,0
1668994682140132904,195.49283970915712,-177.6992898415774,0
1668994682340915918,196.07899291662034,-170.45272308029234,0
1668994682541960000,193.56590543233324,-175.07489821407944,0
1668994682752022027,192.7804170389427,-176.87400417868048,0
1668994682939888000,192.0559526286088,-178.3378406232223,0
1668994683140328884,190.9598721646471,-178.69786525517702,0
1668994683340506076,190.67321852140594,-178.25964124780148,0
1668994683540105104,190.4475896002259,-177.4861478600651,0
1668994683750109910,189.2081824890338,-177.62706009671092,0
1668994683940979003,188.6667913675774,-178.08508798945695,0
1668994684142277956,187.4619590434013,-179.67168224602938,0
1668994684340919017,186.98691167973448,-180.0168533148244,0
1668994684539004087,186.1774838474812,-180.81510110665113,0
1668994684748507022,185.34411967138294,-180.61249167099595,0
1668994684939555883,183.6509402190568,-181.9882241319865,0
1668994685140568017,183.11220763449091,-182.55745775345713,0
1668994685340713024,182.50964687601663,-180.4577390626073,0
1668994685540488958,181.03929239709396,-179.60274285357445,0
1668994685749002933,179.82424441166222,-189.42355525493622,0
1668994685939297914,178.7176638400415,-192.23176689445972,0
1668994686140520095,178.06205652374774,-190.80093593988568,0
1668994686341784954,176.177676678868,-189.95583925489336,0
1668994686540743112,174.6888439094182,-191.21541184093803,0
1668994686748667955,173.85547857545316,-191.01280048768967,0
1668994686939518928,173.3724513386842,-191.02435120381415,0
1668994687139525890,172.77534981747158,-192.04005915578455,0
1668994687340188026,172.31359661614988,-192.94126052130014,0
1668994687539536952,171.20155621285085,-192.6340427119285,0
1668994687750801086,170.04710420686752,-193.4405381595716,0
1668994687940160036,169.30933464027476,-194.34833944030106,0
1668994688141865968,169.08131934993435,-199.2496687946841,0
1668994688339488029,168.38596096890979,-199.0437564421445,0
1668994688539402961,167.5261371305678,-200.62209555786103,0
1668994688752207040,166.8068463820964,-199.41532589215785,0
1668994688940141916,165.49842939700466,-199.5578822037205,0
1668994689138885021,164.48464199679438,-200.47228269465268,0
1668994689339188098,163.65659376897383,-200.49208232853562,0
1668994689539537906,163.05151192762423,-201.17417003400624,0
1668994689750243902,161.42453397251666,-199.54402357712388,0
1668994689939851045,159.6091579775093,-198.6972707575187,0
1668994690139223098,159.00939377211034,-199.6017706654966,0
1668994690339328050,158.32467161607929,-199.8406823137775,0
1668994690535113096,157.45420881558675,-200.97419427521527,0
1668994690749766111,156.77480423590168,-201.43551839888096,0
1668994690939730882,156.18035698204767,-202.5624306453392,0
1668994691139246940,155.99727492034435,-203.56823733914644,0
1668994691339236974,155.51956427458208,-203.80219901446253,0
1668994691540013074,155.59920388832688,-204.24537454731762,0
1668994691752159118,154.5110919654835,-204.93901014328003,0
1668994691940632104,153.5716232865816,-206.07417123764753,0
1668994692138878107,152.42514184687752,-207.21428157761693,0
1668994692339696884,151.1379928481765,-208.24648488406092,0
1668994692534832954,149.9171887022676,-209.16583173070103,0
1668994692752969980,149.23246483516414,-209.4047421142459,0
1668994692939835071,148.27704178309068,-209.87266410700977,0
1668994693134908914,147.329594654846,-210.6742049548775,0
1668994693339257955,145.564731869963,-211.94036763440818,0
1668994693539097070,145.0896786088124,-212.28553464636207,0
1668994693749737024,144.2802388961427,-213.08377548772842,0
1668994693939635038,142.5737443426624,-213.90346200950444,0
1668994694138931035,142.45168747694697,-214.57399943470955,0
1668994694339868068,141.777596836444,-215.25773417204618,0
1668994694540066003,140.55413074651733,-216.06587234325707,0
1668994694749695062,139.7950842391001,-216.08401836827397,0
1668994694939599990,139.34661537024658,-217.54124829545617,0
1668994695138729095,138.62478764657862,-219.11628299579024,0
1668994695338885068,137.33763276448008,-220.14848266914487,0
1668994695539684057,136.33712833398022,-221.6189090628177,0
1668994695750974893,136.13543231016956,-221.84627050720155,0
1668994695940133094,135.66037746111397,-222.19143660087138,0
1668994696139439105,134.6545552938478,-223.43944994732738,0
1668994696340372085,133.4231109151151,-223.91396728996187,0
1668994696538665056,133.45789673458785,-231.1456789309159,0
1668994696747987985,132.6404769634828,-231.61029877047986,0
1668994696940107107,132.12820407375693,-230.39857565797865,0
1668994697139118909,131.13035426358692,-231.98020728770643,0
1668994697339780092,130.42701827944256,-231.4406706187874,0
1668994697539747953,129.61225648829713,-232.01649630721658,0
1668994697748728990,128.6648021445144,-232.81803351268172,0
1668994697939790964,127.78369371581357,-233.50671472214162,0
1668994698139183044,126.83092234435026,-234.08583887666464,0
1668994698342289924,125.54896885249764,-232.44743364397436,0
1668994698541147947,124.56695748644415,-231.8032875470817,0
1668994698752445936,123.74687868100591,-232.1566995801404,0
1668994698940419912,122.06940016674343,-228.41361990012228,0
1668994699140396118,122.26875953725539,-236.75409603770822,0
1668994699339814901,121.31864503887482,-237.4444254785776,0
1668994699539045095,120.17480708099902,-238.69573455490172,0
1668994699749304056,119.23532414226793,-239.83088897913694,0
1668994699939743995,118.39663740550168,-239.4058556780219,0
1668994700140358924,117.57124090078287,-239.53685398120433,0
1668994700341641902,116.56009467318654,-240.56245086807758,0
1668994700539395093,115.54894802870695,-241.58804754540324,0
1668994700749393939,114.52716917416546,-242.1688186172396,0
1668994700939372062,113.09126128745265,-239.86647072900087,0
1668994701139465093,111.84386362903751,-239.67374459840357,0
1668994701339775085,111.09544512035791,-240.1367116374895,0
1668994701539576053,109.89578925317619,-239.05268499534577,0
1668994701750761032,108.85274772311095,-238.7438041176647,0
1668994701940771102,107.92920913011767,-240.54619449283928,0
1668994702140337944,106.91274523711763,-241.3493767110631,0
1668994702341597080,105.83524971059524,-242.48782692942768,0
1668994702541168928,104.6595140666468,-242.40465620160103,0
1668994702749392986,103.48909387784079,-242.54389789979905,0
1668994702939888954,102.69558878359385,-244.00936995446682,0
1668994703139394998,101.7321819991339,-244.1436638776213,0
1668994703340092897,100.79800923028961,-245.5012274775654,0
1668994703539335966,99.77091273444239,-245.85958281345665,0
1668994703749963045,98.81016313435975,-246.10508252028376,0
1668994703940340042,98.0033681888599,-247.01452204585075,0
1668994704140125989,96.77457235695329,-247.600236620754,0
1668994704340022087,95.7687353931833,-248.84824193734676,0
1668994704539530992,94.65146356041078,-251.21160857006907,0
1668994704748883008,93.78894970647525,-252.67872815206647,0
1668994704938664913,92.14337731909472,-250.27011504862458,0
1668994705138858079,90.95435311389156,-249.63090933673084,0
1668994705338999986,89.7945605579298,-250.21497322805226,0
1668994705540226936,88.8577260596212,-251.46132818423212,0
1668994705750992059,87.61298406217247,-251.37980237510055,0
1668994705940412044,86.61511605361011,-252.96142486669123,0
1668994706140548944,85.28276797058061,-252.1031029075384,0
1668994706341249942,84.28489909123164,-253.68472492229193,0
1668994706539186954,82.97115193365607,-253.6048468220979,0
1668994706749519109,81.74501005688217,-254.30176402721554,0
1668994706940087080,80.65687734331004,-254.99538329895586,0
1668994707139830112,79.56874433532357,-255.68900233320892,0
1668994707339500904,78.54961579875089,-256.380972340703,0
1668994707538995027,77.43225392280146,-255.8513210117817,0
1668994707749500989,76.20345367514528,-256.4370304932818,0
1668994707940061092,75.15251866693143,-258.6875375062227,0
1668994708142127037,73.95552373852115,-257.7147087287158,0
1668994708339309930,72.8116695175413,-258.9660067688674,0
1668994708539324045,71.78722543723416,-259.43556267023087,0
1668994708748668909,70.61148672481067,-259.3523839423433,0
1668994708940156936,69.38268487155437,-259.938091727905,0
1668994709140871047,68.21225992287509,-260.0773251466453,0
1668994709340392112,67.04980557225645,-260.5501773599535,0
1668994709539014101,65.75996876787394,-261.4711519423872,0
1668994709750906944,64.5205385562731,-261.6120331035927,0
1668994709939692020,63.48812280443963,-261.7479682303965,0
1668994710140328884,62.330981210805476,-262.44323205109686,0
1668994710339682102,61.18712306045927,-263.69452738109976,0
1668994710540980100,60.02201053069439,-264.0561715904623,0
1668994710751897096,58.71623139991425,-264.30990619491786,0
1668994710940460920,57.54846189985983,-264.5603434704244,0
1668994711138998031,56.38334893935826,-264.92198682948947,0
1668994711338865041,55.218235818552785,-265.28362991753966,0
1668994711534343957,53.98943083209451,-265.869333893992,0
1668994711750422000,52.747342751245014,-265.89900577813387,0
1668994711940661907,51.58222917187959,-266.26064801588655,0
1668994712138753890,50.42774147889577,-267.06711541395634,0
1668994712339653015,49.13258709583897,-267.7656729435548,0
1668994712538945913,47.97278576204553,-268.34972705040127,0
1668994712752721071,46.81032773433253,-268.82257452607155,0
1668994712940825939,45.57886455976404,-269.2970700599253,0
1668994713140003919,44.41374972916674,-269.6587106194347,0
1668994713340046882,43.11062484444119,-270.0236475011334,0
1668994713539669990,41.884473693557084,-270.720554837957,0
1668994713752502918,40.791019551455975,-271.1917526265606,0
1668994713941452026,39.55158647405915,-271.332627591677,0
1668994714141000986,38.383814544416964,-271.5830603810027,0
1668994714340909004,37.28504748176783,-271.8318446818739,0
1668994714534820079,35.77756283455528,-272.3129306510091,0
1668994714752777099,35.02382040838711,-272.553473463282,0
1668994714940875053,33.80032371392008,-273.36158516444266,0
1668994715140294075,32.717492750729434,-274.277606616728,0
1668994715341759920,31.624037037952803,-274.7488023880869,0
1668994715538772106,30.535893253283575,-275.4424106394872,0
1668994715750595092,29.4397810556693,-275.8023995682597,0
1668994715940309047,28.34366870718077,-276.1623882558197,0
1668994716140492916,27.247556211659685,-276.52237670123577,0
1668994716340718030,26.148787599173374,-276.771158545278,0
1668994716539848089,24.9863257285906,-277.2440009182319,0
1668994716748810052,23.89818052749615,-277.9376077102497,0
1668994716940376043,22.80206735583488,-278.29759517591447,0
1668994717140624046,21.719233368057758,-279.21361421234906,0
1668994717339677095,20.551458861562423,-279.46404282189906,0
1668994717539503097,20.06581396330148,-282.25738572422415,0
1668994717751032114,18.975011197850108,-282.839785059914,0
1668994717940516948,17.4117505060276,-280.9855318525806,0
1668994718139009952,16.23069669236429,-280.6799276396632,0
1668994718340609073,15.054954465012997,-280.59673587512225,0
1668994718540432929,13.948217374854721,-280.5118959452957,0
1668994718753849983,13.146713091991842,-281.6437342436984,0
1668994718940674066,12.682309121824801,-285.32672726083547,0
1668994719139069080,11.655198761378415,-285.6850643865764,0
1668994719339502096,10.768754199380055,-286.1513119628653,0
1668994719539124965,9.810648713260889,-286.5080008562654,0
1668994719750030040,8.987897862214595,-286.7501875516027,0
1668994719941464900,8.167802496580407,-287.10358047578484,0
1668994720139543056,8.167802496580407,-287.10358047578484,0
1668994720339988946,8.167802496580407,-287.10358047578484,0
1668994720540117979,8.167802496580407,-287.10358047578484,0
1668994720750209093,8.167802496580407,-287.10358047578484,0
1668994720940864086,5.457974249729887,-283.49638669844717,0
1668994721138839960,4.7307837079279125,-284.8489885656163,0
1668994721340202093,3.1941554471850395,-289.89282110426575,0
1668994721534662008,2.7004972111899406,-289.4595298413187,0
1668994721749505043,1.8989889221265912,-290.591366276145,0
1668994721940252065,0.6728621545480564,-294.1812765756622,0
1668994722141186952,0.49236544396262616,-292.40527016762644,0
1668994722334434032,0.12344080733601004,-291.412651412189,0
1668994722535023927,0.17382365744560957,-287.7395459692925,0
1668994722749741077,-0.8108022449305281,-289.8771823598072,0
1668994722933087110,-1.4822669515851885,-290.6721037691459,0
1668994723138799905,-2.639390846248716,-294.26036554574966,0
1668994723339860916,-2.5996271026087925,-290.1424347134307,0
1668994723540529012,-3.271092120092362,-290.9373558796942,0
1668994723754667043,-4.125675507704727,-292.73807717394084,0
1668994723935024023,-4.8290043495362625,-292.1985217407346,0
1668994724134855031,-5.253656840650365,-291.76358206849545,0
1668994724333945035,-8.839215275947936,-297.74649003054947,0
1668994724538943052,-8.35886280820705,-294.73073750641197,0
1668994724748184919,-5.200678340159357,-282.4156567873433,0
1668994724940825939,-8.07231070799753,-286.4899332812056,0
1668994725140093088,-7.5388863703701645,-282.80529481265694,0
1668994725339523077,-6.785171611700207,-279.6717452649027,0
1668994725534254074,-6.8090687381336465,-278.6708879554644,0
1668994725750221014,-6.968320718850009,-277.7845322312787,0
1668994725940201044,-7.061222853837535,-276.7853225264698,0
1668994726139774084,-8.130816041724756,-275.3643537359312,0
1668994726339014053,-10.644116462906823,-282.87943582236767,0
1668994726534138917,-10.23808028921485,-279.6429182263091,0
1668994726748244047,-7.480532755726017,-279.46580858528614,0
1668994726940412044,-7.642439852003008,-278.46824647299945,0
1668994727139529943,-6.801134164677933,-276.11149388179183,0
1668994727339868068,-6.40047506056726,-266.8665367392823,0
1668994727539102077,-6.671152606024407,-269.9885531589389,0
1668994727750017881,-14.6570068965666,-285.42318012658507,0
1668994727938757896,-16.143259859993123,-286.7939013456926,0
1668994728138477087,-19.48466537205968,-291.4357353076339,0
1668994728340079069,-25.21469449729193,-300.1403015162796,0
1668994728540486097,-26.775269721169025,-301.2902540778741,0
1668994728749653100,-26.775269721169025,-301.2902540778741,0
1668994728934901952,-26.775269721169025,-301.2902540778741,0
1668994729138993024,-26.775269721169025,-301.2902540778741,0
1668994729334811925,-26.775269721169025,-301.2902540778741,0
1668994729538762092,-26.775269721169025,-301.2902540778741,0
1668994729749850034,-26.775269721169025,-301.2902540778741,0
1668994729934470891,-26.775269721169025,-301.2902540778741,0
1668994730134905099,-26.775269721169025,-301.2902540778741,0
1668994730340791940,-26.775269721169025,-301.2902540778741,0
1668994730534482955,-26.775269721169025,-301.2902540778741,0
1668994730746100902,-26.775269721169025,-301.2902540778741,0
1668994730940391063,-6.039647580939345,-255.95348385628313,0
1668994731138580083,-6.318321829312481,-255.84886798076332,0
1668994731339765071,-6.01578250748571,-254.06132792215794,0
1668994731539865016,-5.920225024106912,-255.17174400761724,0
1668994731749388933,-5.936156682437286,-254.50450577959418,0
1668994731940614938,-5.4531563989585266,-251.59995907824486,0
1668994732139893054,-5.3310787852387875,-250.92942557763308,0
1668994732341078042,-5.10020016960334,-249.0323267057538,0
1668994732540482997,-4.842768710223027,-248.2472915360704,0
1668994732748512029,-4.410187256289646,-246.1228369427845,0
1668994732940619945,-4.797728804755025,-241.45875988341868,0
1668994733140924930,-5.272794725024141,-241.80391249712557,0
1668994733340528011,-3.919291203492321,-237.76588244456798,0
1668994733539359092,-4.314730898011476,-238.5542129892856,0
1668994733747020959,-4.314730898011476,-238.5542129892856,0
1668994733940176963,-2.2234586137346923,-230.7153937984258,0
1668994734140322923,-4.343973533366807,-234.4379295129329,0
1668994734334728002,-4.343973533366807,-234.4379295129329,0
1668994734534521102,-4.343973533366807,-234.4379295129329,0
1668994734748490095,-4.343973533366807,-234.4379295129329,0
1668994734941020011,-21.00568894960452,-259.5376285240054,0
1668994735139966011,-27.319558011600748,-269.8139091329649,0
1668994735339917898,-25.697973109898157,-265.43567701242864,0
1668994735540100097,-26.852472286787815,-266.24212650582194,0
1668994735751163959,-30.20183675189037,-270.55033442750573,0
1668994735934055089,2.938400366110727,-215.57071563787758,0
1668994736139559030,4.055705469916575,-213.20736975595355,0
1668994736339102983,4.055705469916575,-213.20736975595355,0
1668994736533497095,4.055705469916575,-213.20736975595355,0
1668994736748198986,4.055705469916575,-213.20736975595355,0
1668994736938883066,-3.9752957496093586,-215.17945468612015,0
1668994737134879112,-4.269899929524399,-214.40760068781674,0
1668994737341069936,-4.649440231733024,-212.97015606518835,0
1668994737540565967,-5.679191936622374,-213.217283510603,0
1668994737753031015,-5.299686233163811,-211.7617147527635,0
1668994737934717893,-4.721134441555478,-209.96758387237787,0
1668994738133270978,-4.333663264056668,-208.84563416149467,0
1668994738334002971,-4.620301041286439,-208.40739927627146,0
1668994738539397954,-4.036439229850657,-206.8356810575351,0
1668994738751070022,-4.498259972780943,-204.84385220706463,0
1668994738940501928,-5.193611089373007,-204.63791597168893,0
1668994739138766050,-5.326343162567355,-201.9706105273217,0
1668994739340202093,-5.719159086816944,-199.9771339185536,0
1668994739540075063,-5.169782607234083,-199.85274638049304,0
1668994739749337911,-5.865133016835898,-199.6468100612983,0
1668994739939032077,-5.703261710237712,-197.751358686015,0
1668994740139090061,-4.986703854170628,-195.95393249299377,0
1668994740338617086,-5.305205014767125,-194.18122101202607,0
1668994740539839982,-5.538770089275204,-193.0741001488641,0
1668994740750534057,-5.435281761456281,-191.62512191105634,0
1668994740939723968,-7.415151412831619,-192.56255431473255,0
1668994741138943910,-13.53778986807447,-205.0596871348098,0
1668994741338730096,-7.3302496718242764,-190.3351314533502,0
1668994741538604974,-6.178461647825316,-186.52445716131479,0
1668994741748557090,-4.870044944575056,-186.38194549642503,0
1668994741938555955,-4.111039262614213,-183.47080764453858,0
1668994742139971017,-3.710293688811362,-182.9048897214234,0
1668994742339148044,-5.220409992616624,-183.27475742716342,0
1668994742535010099,-5.384970995830372,-182.16598890721798,0
1668994742748148918,-4.960362826590426,-179.70791493169963,0
1668994742940696001,-5.239032980753109,-179.60329916421324,0
1668994743139957904,-5.252309762639925,-179.047267251648,0
1668994743334958076,-5.252309762639925,-179.047267251648,0
1668994743534446001,-5.252309762639925,-179.047267251648,0
1668994743746840000,-5.252309762639925,-179.047267251648,0
1668994743940148115,-7.338456020690501,-169.75041728559881,0
1668994744139899969,-6.186638214043342,-168.83275644946843,0
1668994744334517955,-4.854363968013786,-166.79808852635324,0
1668994744538628101,-4.875606975285336,-165.9084374504164,0
1668994744749761104,-4.636768288211897,-164.3449574224651,0
1668994744939671993,-4.910163218853995,-161.56974078901112,0
1668994745139404058,-5.332150035188533,-161.24600757658482,0
1668994745340136051,-5.892143678618595,-160.92556962370872,0
1668994745539531946,-5.5232642736518756,-159.02517517562956,0
1668994745751692056,-5.1968348211376,-158.2384922048077,0
1668994745940954923,-6.038152470369823,-157.70223208889365,0
1668994746139910936,-5.589648476801813,-156.24501553177834,0
1668994746338967084,-6.184161204611883,-154.47889453638345,0
1668994746540517091,-5.921424607629888,-153.91627202183008,0
1668994746749886989,-5.971876516356133,-151.8033506758511,0
1668994746938772916,-6.375274999067187,-152.25806209258735,0
1668994747139662981,-6.6114938204409555,-151.03973475750536,0
1668994747339683055,-7.0547224135370925,-149.82635031547397,0
1668994747540563106,-7.206005687941797,-149.27361364290118,0
1668994747750890970,-7.168866491876543,-147.93748936150223,0
1668994747940721988,-7.686408632667735,-146.50333972088993,0
1668994748139522075,-8.541000683209859,-145.41104727145284,0
1668994748339802980,-8.774563451530412,-144.303926223889,0
1668994748540678024,-9.093061149469577,-142.53121444117278,0
1668994748746558904,-8.4243069649674,-138.73207348957658,0
1668994748940371036,-9.066577658290043,-137.85725088603795,0
1668994749140383005,-9.164789151982404,-136.63562820851803,0
1668994749341799020,-9.783161830971949,-136.76166301965714,0
1668994749540052890,-9.430215126485564,-134.19403044693172,0
1668994749749020099,-10.064519243780524,-133.6528268903494,0
1668994749940701007,-10.01675850362517,-132.7615281715989,0
1668994750140746116,-9.966342497384176,-131.98143584188074,0
1668994750340531110,-8.02367164415773,-129.48711455333978,0
1668994750539300918,-10.303426276426762,-129.43027923442423,0
1668994750753007888,-11.32519508979749,-130.01102497056127,0
1668994750934698104,-12.506212093518116,-129.7054144954309,0
1668994751140127897,-13.867685887380503,-130.5168102942407,0
1668994751340946912,-12.983955684816465,-127.04634645208716,0
1668994751539649009,-13.719091498758644,-128.06532704085112,0
1668994751749485969,-14.470158796175383,-128.41706916876137,0
1668994751939280986,-13.222827325807884,-125.71681241132319,0
1668994752139095067,-12.787600892712362,-123.70356445852667,0
1668994752334912061,-12.357685354421847,-121.46790366899222,0
1668994752541024923,-12.662904627388343,-120.25122360512614,0
1668994752749810934,-12.976089481730014,-118.70092434436083,0
1668994752938802957,-13.214960865559988,-117.37139029521495,0
1668994753139167070,-13.72453299886547,-116.27085922285914,0
1668994753339452028,-13.825398489949293,-114.93803004641086,0
1668994753539076089,-13.58921568072401,-113.26334393955767,0
1668994753749128103,-13.825431509292684,-112.04501625150442,0
1668994753940570116,-13.987334044766612,-111.0474537955597,0
1668994754139965057,-14.342968684621155,-110.61086593475193,0
1668994754340270042,-14.18109916173853,-108.71541459672153,0
1668994754540132045,-14.289930162020028,-107.0489662149921,0
1668994754749680995,-14.19175309012644,-105.37757519818842,0
1668994754939192056,-14.534111268701963,-105.49701930396259,0
1668994755138808965,-14.76767141057644,-104.38989796396345,0
1668994755339195966,-15.194963405025192,-103.84375118464231,0
1668994755540910005,-15.07819972827565,-102.95080495532602,0
1668994755756171941,-14.592559007112868,-100.15746476501226,0
1668994755939491033,-12.509238779894076,-97.77105626184493,0
1668994756138890027,-12.798525376943871,-97.22161454707384,0
1668994756338711977,-13.38240888970904,-95.90031827893108,0
1668994756538980007,-13.939739751629531,-95.69108591321856,0
1668994756749439954,-14.05122605653014,-93.91343111079186,0
1668994756940922975,-16.32299889170099,-94.19021248910576,0
1668994757139703035,-16.100092618493363,-91.95949446037412,0
1668994757339708089,-16.34427272307221,-90.40754744783044,0
1668994757539819955,-17.02633193344809,-90.75764177273959,0
1668994757750961065,-16.660110341967084,-88.7460415372625,0
1668994757938807010,-30.97524023836013,-116.68271673563868,0
1668994758134860038,-17.445688945241272,-87.65210014488548,0
1668994758340233087,-15.089018565835431,-85.1478961892426,0
1668994758539835929,-15.057189268409275,-83.58935906924307,0
1668994758750044107,-15.155399074079469,-82.36773621756583,0
1668994758934636116,-15.120914604864083,-80.92040549311787,0
1668994759138108968,-15.418165710172616,-80.03734443429857,0
1668994759340828895,-15.994081200682558,-79.04966706968844,0
1668994759539793968,-16.28867686202284,-78.27781236357987,0
1668994759749206066,-16.65758511913009,-77.2851923564449,0
1668994759939111948,-18.188911352073774,-76.76540547795594,0
1668994760138876914,-17.875761924427934,-75.4226911822334,0
1668994760334717035,-18.311016787891276,-74.54292495921254,0
1668994760540081024,-17.45115996641107,-72.96461784653366,0
1668994760753843069,-17.000006604008377,-71.61860847007483,0
1668994760934693098,-17.000006604008377,-71.61860847007483,0
1668994761141900062,-16.917761221760884,-69.27997901756316,0
1668994761338701009,-17.28932399174664,-68.17615256179124,0
1668994761534755945,-17.666196970269084,-66.84991327486932,0
1668994761749263048,-28.626919079222716,-67.55668012425303,0
1668994761938782930,-27.554744097404182,-66.19584549311548,0
1668994762138554096,-25.450192920630798,-64.69909335300326,0
1668994762338809967,-24.44436649675481,-63.45111183542758,0
1668994762534099102,-32.658271467546,-63.53594076819718,0
1668994762747554063,-32.658271467546,-63.53594076819718,0
1668994762934890031,-32.658271467546,-63.53594076819718,0
1668994763139483928,-32.658271467546,-63.53594076819718,0
1668994763334533929,-32.658271467546,-63.53594076819718,0
1668994763534710884,-32.658271467546,-63.53594076819718,0
1668994763747117996,-32.658271467546,-63.53594076819718,0
1668994763941215038,-21.610061675775796,-54.926938095130026,0
1668994764138240098,-21.281013336149044,-51.358448412269354,0
1668994764339411973,-22.316042378544807,-51.3831601748243,0
1668994764534713983,-22.395664665848017,-50.93998199608177,0
1668994764740936040,-22.395664665848017,-50.93998199608177,0
1668994764933303117,-24.688658592291176,-50.327108659781516,0
1668994765132469892,-22.119687511352822,-48.04037823341787,0
1668994765339693069,-25.922756537911482,-47.79736717324704,0
1668994765539432048,-22.300172791117802,-46.26437063142657,0
1668994765748145103,-26.10589547897689,-45.910153050906956,0
1668994765940287113,-25.03372613026295,-44.54931776225567,0
1668994766140763044,-25.39732053456828,-43.77910994179547,0
1668994766340820074,-25.500837709289044,-42.335074053145945,0
1668994766540970087,-25.44245601107832,-41.88860102184117,0
1668994766750296115,-23.542266316944733,-40.50799648836255,0
1668994766936464071,-25.18503403023351,-41.1035665506497,0
1668994767133908033,-25.18503403023351,-41.1035665506497,0
1668994767333370923,-25.18503403023351,-41.1035665506497,0
1668994767533602952,-25.18503403023351,-41.1035665506497,0
1668994767749927997,-25.18503403023351,-41.1035665506497,0
1668994767937005996,-25.18503403023351,-41.1035665506497,0
1668994768135149955,-25.18503403023351,-41.1035665506497,0
1668994768333996057,-25.18503403023351,-41.1035665506497,0
1668994768535142898,-25.18503403023351,-41.1035665506497,0
1668994768749960899,-25.18503403023351,-41.1035665506497,0
1668994768933728933,-25.18503403023351,-41.1035665506497,0
1668994769139266967,-25.18503403023351,-41.1035665506497,0
1668994769341607093,-27.281722063780762,-31.361882242374122,0
1668994769541388034,-31.33689061878249,-32.126314458437264,0
1668994769749696969,-28.89793752436526,-33.069515224546194,0
1668994769934684991,-29.18456407310441,-32.63127900939435,0
1668994770138464927,-30.63890915038064,-32.443460401147604,0
1668994770339524984,-30.45845339074731,-31.326454298570752,0
1668994770539469957,-30.04444343270734,-31.316570264287293,0
1668994770747143983,-29.773746679304168,-31.08756807167083,0
1668994770941107988,-29.580016443738714,-30.526593981310725,0
1668994771139992952,-30.763664156314917,-30.109773127362132,0
1668994771341934919,-28.20266626100056,-27.489426393061876,0
1668994771539820909,-29.702117003384046,-28.30411313008517,0
1668994771748239994,-28.648507948382758,-29.057847684249282,0
1668994771939477920,-30.216960879974067,-29.874181617982686,0
1668994772140098094,-30.92025186761748,-29.334622917696834,0
1668994772334896087,-31.066219878848642,-29.004298345185816,0
1668994772534337997,-30.394788117264397,-28.209380144253373,0
1668994772749871015,-30.339061162318103,-27.651700754649937,0
1668994772934700965,-30.283334221458063,-27.09402136411518,0
1668994773135651111,-29.964875634177588,-25.973720549605787,0
1668994773334197998,-30.18515508051496,-25.42263052519411,0
1668994773533634901,-29.59865524689667,-23.962121077813208,0
1668994773749739885,-29.001535910763778,-22.94643719866872,0
1668994773937005996,-29.15015885233879,-22.50490626785904,0
1668994774135765075,-29.36512834415771,-22.176229097880423,0
1668994774336127042,-29.646444387733936,-21.960405681282282,0
1668994774535767078,-29.665029056952335,-21.181960802525282,0
1668994774751204013,-29.399642809526995,-20.730545753613114,0
1668994774939107894,-28.52386295539327,-19.819478797726333,0
1668994775139995098,-28.587554501951672,-20.0435389848426,0
1668994775339797973,-27.441078953444958,-18.90346954856068,0
1668994775539644956,-26.772304210579023,-17.99734441190958,0
1668994775750739097,-25.95490663277451,-17.53275002539158,0
1668994775939398050,-25.073817852302454,-16.844095271080732,0
1668994776138999938,-24.60408296342939,-16.27653130237013,0
1668994776338804960,-24.81374239025172,-16.170267147943377,0
1668994776538542032,-24.48201048723422,-15.60599799733609,0
1668994776748475074,-23.9379641788546,-15.259199363179505,0
1668994776934673070,-22.995839966577478,-14.235277568921447,0
1668994777133958101,-22.382792486227117,-13.886831319890916,0
1668994777334212064,-21.77505535702221,-13.315972173586488,0
1668994777534487009,-21.031970704789273,-12.630611605010927,0
1668994777751857042,-19.736875089351088,-11.932071053422987,0
1668994777932673931,-19.39452329929918,-11.812627195380628,0
1668994778132555961,-18.717785373330116,-11.240120177157223,0
1668994778338630914,-18.043702820432372,-10.556406654417515,0
1668994778539305925,-17.292653377866372,-10.204664749093354,0
1668994778746803998,-16.687572521390393,-9.522598559968174,0
1668994778939426898,-16.00817994971294,-9.061297577805817,0
1668994779134474039,-15.46413492388092,-8.7144980058074,0
1668994779333865880,-13.956653143977746,-14.019454543478787,0
1668994779534415006,-12.911010446841829,-14.43956658244133,0
1668994779749819040,-13.579782256041653,-15.345693608745933,0
1668994779938819885,-13.29581052181311,-15.67272254358977,0
1668994780133565902,-12.63500471948646,-14.43297625426203,0
1668994780340270996,-10.302232987480238,-13.820925805717707,0
1668994780539654016,-10.817107470938936,-12.497982192784548,0
1668994780750967025,-10.20406099432148,-12.149534445255995,0
1668994780933535099,-10.586204825667664,-13.493897038511932,0
1668994781138652086,-10.652550865197554,-13.606751059181988,0
1668994781340333938,-9.312353607267141,-11.905702514573932,0
1668994781538212060,-9.774120194022544,-12.80688717123121,0
1668994781751028060,-7.773119491757825,-9.866091423667967,0
1668994781941118955,-7.97746815928258,-9.982240782119334,0
1668994782139580011,-8.635616761050187,-11.33319412637502,0
1668994782341201066,-7.340604197233915,-4.848621786572039,0
1668994782540685892,-7.051321663195267,-5.398063190281391,0
1668994782747765064,-7.184013354592025,-5.623771330341697,0
1668994782939100980,-7.245048282435164,-5.959038217552006,0
1668994783138880014,-7.199946132255718,-4.9565328769385815,0
1668994783340661048,-6.687767843832262,-3.2752554258331656,0
1668994783540524005,-6.09596671583131,-2.0371558759361506,0
1668994783751122951,-6.5577317216666415,-2.9383408604189754,0
1668994783941581964,-6.685112368082628,-3.386461834423244,0
1668994784139219999,-6.756769123370759,-3.2769030928611755,0
1668994784339545965,-6.685112368082628,-3.386461834423244,0
1668994784539673089,-6.8178039867198095,-3.612169988453388,0
1668994784754061937,-6.815148514113389,-3.723376397974789,0
1668994784941574096,-6.35603886411991,-2.7109850281849504,0
1668994785140398025,-6.4250401358585805,-2.7126327008008957,0
1668994785340213060,-6.483419485739432,-3.1591060096397996,0
1668994785540229082,-6.679801416583359,-3.6088746543973684,0
1668994785751626968,-6.613455609767698,-3.4960205759853125,0
1668994785941185951,-6.754113649134524,-3.388109501451254,0
1668994786139796018,-6.6187665642937645,-3.2736077569425106,0
1668994786339225053,-6.345416929805651,-3.155810666270554,0
1668994786538973093,-6.12248016835656,-3.8181060971692204,0
1668994786749486923,-6.342761446372606,-3.2670170748606324,0
1668994786939656972,-6.483419485739432,-3.1591060096397996,0
1668994787139367103,-6.661213087500073,-4.387319516390562,0
1668994787339500904,-6.525865976465866,-4.272817770019174,0
1668994787539067983,-6.886805270798504,-3.613817653618753,0
1668994787749639987,-6.878838857635856,-3.9474368803203106,0
1668994787939275979,-6.791249262052588,-4.724234078079462,0
1668994788139523983,-6.600178223801777,-4.052052620798349,0
1668994788338974952,-6.544454327202402,-3.4943729070946574,0
